{
    "deflections": {
        "AX": 150.0,
        "CDD": 130.0,
        "H1": 0.0,
        "H2": 0.0,
        "L1": 252.0,
        "L2": 600.0
    },
    "gains": {
        "AX": 1.0,
        "CDD": 0.0,
        "H1": 1.0,
        "H2": 1.0,
        "L1": 1.0,
        "L2": 1.0
    },
    "spectrometer": {
        "ElectronEnergy": 72.6323017762315,
        "ExtractionLens": 12.74,
        "HV": 4.5,
        "IonCounterVoltage": 0.0,
        "IonRepeller": -3.72,
        "YSymmetry": -7.79,
        "ZSymmetry": 0.0244200244200244
    }
}